IdPersona,y_true,y_pred,y_prob,nivel_riesgo
104911,False,True,0.9508933444053244,Muy alto
105737,False,False,0.004840884770833061,Muy bajo
25240,False,False,0.020651118837842545,Muy bajo
116352,False,True,0.9937758821518797,Muy alto
115558,False,False,0.14543655231291674,Muy bajo
117422,False,True,0.9977295139543748,Muy alto
95489,False,False,0.0018385628788968398,Muy bajo
113067,False,False,0.06706263137752404,Muy bajo
44591,False,False,0.11466410178643509,Muy bajo
116545,False,True,0.9858409560538258,Muy alto
26207,False,False,0.0177174363371631,Muy bajo
94497,False,False,0.029747224944894943,Muy bajo
116958,False,True,0.9981011195289735,Muy alto
91200,False,True,0.9289862065567194,Muy alto
109640,False,False,0.004550837909476015,Muy bajo
13797,False,False,0.06075780442698484,Muy bajo
95847,False,True,0.9480823780082354,Muy alto
99718,False,False,0.004334141841863069,Muy bajo
113074,False,False,0.00218691360751768,Muy bajo
91638,False,False,0.005968387852826251,Muy bajo
93708,False,False,0.028514380730508666,Muy bajo
95516,False,False,0.004352958974717641,Muy bajo
110082,False,False,0.019490148622039346,Muy bajo
98072,False,False,0.013801615202935678,Muy bajo
117127,False,True,0.9970306726151517,Muy alto
113411,False,False,0.06036406154538859,Muy bajo
107835,False,False,0.05178784248286037,Muy bajo
92913,False,False,0.020238509069034242,Muy bajo
102337,False,True,0.9978464413533268,Muy alto
109613,False,False,0.01062339322577759,Muy bajo
30470,False,False,0.008234622361276764,Muy bajo
112810,False,False,0.002715368738125661,Muy bajo
114954,False,False,0.004329038875504412,Muy bajo
106410,False,False,0.007904109155143973,Muy bajo
115004,False,False,0.009267576337285989,Muy bajo
116240,False,True,0.9700837619986252,Muy alto
29537,False,True,0.9951963735078979,Muy alto
116009,False,False,0.034495121431183974,Muy bajo
108748,False,True,0.9822223749312458,Muy alto
109291,False,False,0.006563469091933858,Muy bajo
22341,False,False,0.0014395743973177589,Muy bajo
112868,False,False,0.02025771377272004,Muy bajo
116358,False,True,0.9896933269424848,Muy alto
110584,False,False,0.016978684974191856,Muy bajo
90463,False,False,0.19973860276560323,Muy bajo
114985,False,False,0.008783378464233963,Muy bajo
108596,False,True,0.5132580014107637,Medio
99937,False,False,0.05133692658323966,Muy bajo
105687,False,False,0.1023008200035958,Muy bajo
45575,False,False,0.030882769757745274,Muy bajo
102644,False,False,0.0048688908810657185,Muy bajo
115462,False,True,0.8400495398579427,Muy alto
18667,False,False,0.022856025247583962,Muy bajo
111636,False,False,0.05308552618487867,Muy bajo
112155,False,False,0.012209155033206756,Muy bajo
113932,False,False,0.019385400752414392,Muy bajo
117128,False,True,0.9982500475232581,Muy alto
105826,False,True,0.9982972513520323,Muy alto
30668,False,False,0.019194314249111354,Muy bajo
104401,False,False,0.010192834782126924,Muy bajo
100618,False,False,0.006349740539970874,Muy bajo
105916,False,False,0.06875532567641356,Muy bajo
30982,False,False,0.01608124084485553,Muy bajo
104598,False,True,0.9881032666197974,Muy alto
92473,False,True,0.9132507016846725,Muy alto
91782,False,True,0.7268772275973201,Alto
104217,False,False,0.01238472885144305,Muy bajo
31000,False,False,0.1294710832320457,Muy bajo
100770,False,False,0.018231310933372366,Muy bajo
111345,False,True,0.9934417732478938,Muy alto
117427,False,True,0.9978767832569245,Muy alto
115102,False,False,0.012083568655641972,Muy bajo
104061,False,False,0.029133390712980833,Muy bajo
108782,False,False,0.016983186371161064,Muy bajo
110074,False,True,0.9976923117118931,Muy alto
116813,False,True,0.9965490866837793,Muy alto
100597,False,False,0.001001628443131515,Muy bajo
116316,False,True,0.9878073560362047,Muy alto
113909,False,False,0.006547188568586017,Muy bajo
97035,False,True,0.9647625530549251,Muy alto
90059,False,False,0.011264931154754477,Muy bajo
90035,False,False,0.03961693056775353,Muy bajo
111900,False,False,0.05822547992608469,Muy bajo
101613,False,False,0.019974231253598394,Muy bajo
91105,False,False,0.10477283101822532,Muy bajo
116544,False,True,0.9213684797871293,Muy alto
93930,False,False,0.028097158559009714,Muy bajo
108378,False,False,0.004592032185495124,Muy bajo
90280,False,True,0.998157281297798,Muy alto
108947,False,False,0.47840746647795196,Medio
108314,False,False,0.016547041044498747,Muy bajo
44608,False,False,0.40495757319461767,Medio
113933,False,False,0.003029416875849941,Muy bajo
111676,False,False,0.011395007649234037,Muy bajo
102302,False,False,0.010029239861712436,Muy bajo
30667,False,False,0.11631965689206698,Muy bajo
107941,False,False,0.003517963845683561,Muy bajo
100485,False,True,0.9301449034166145,Muy alto
109992,False,False,0.017712735956938702,Muy bajo
110328,False,False,0.017028023876563988,Muy bajo
115198,False,False,0.018995617986037782,Muy bajo
104383,False,False,0.001997869765873075,Muy bajo
110802,False,False,0.007973174020405639,Muy bajo
117180,False,True,0.9974932892349543,Muy alto
15981,False,False,0.002506528348509452,Muy bajo
31907,False,False,0.003840992829717608,Muy bajo
93789,False,True,0.6624053211921285,Alto
116562,False,True,0.9977450255857929,Muy alto
90118,False,False,0.013508158626347608,Muy bajo
108470,False,False,0.0072567756196255636,Muy bajo
110823,False,True,0.8883749647484732,Muy alto
116820,False,True,0.9931226552753621,Muy alto
93826,False,False,0.00905695441237077,Muy bajo
22239,False,False,0.03057983865855243,Muy bajo
98228,False,False,0.42517459701146093,Medio
116165,False,True,0.9934044155826538,Muy alto
104300,False,False,0.013629030723447294,Muy bajo
92737,False,False,0.020818867843605742,Muy bajo
27143,False,False,0.003384767112834106,Muy bajo
32680,False,True,0.9972415634067724,Muy alto
104695,False,True,0.7725621893131318,Alto
22921,False,False,0.49328862420511016,Medio
116856,False,True,0.9974848576286521,Muy alto
117415,False,True,0.9968070501944767,Muy alto
95757,False,True,0.9881773110337992,Muy alto
103443,False,False,0.17036166788923351,Muy bajo
103832,False,False,0.030797154025854593,Muy bajo
115191,False,False,0.19824396694191807,Muy bajo
108803,False,False,0.01924591244322786,Muy bajo
116640,False,True,0.9976014373838719,Muy alto
112684,False,False,0.12470769452497125,Muy bajo
116279,False,True,0.994433625286674,Muy alto
116341,False,True,0.9942894261192532,Muy alto
31309,False,True,0.9758505676886423,Muy alto
96024,False,False,0.002078229309389606,Muy bajo
117354,False,True,0.9988835906814467,Muy alto
104968,False,False,0.19207670443338018,Muy bajo
98385,False,False,0.0017379083066263205,Muy bajo
116719,False,True,0.9979858697244427,Muy alto
46346,False,False,0.22211311651507556,Bajo
31212,False,True,0.8638693031062273,Muy alto
115315,False,False,0.001878933245801205,Muy bajo
110769,False,True,0.997782330665053,Muy alto
114956,False,False,0.00972516309560927,Muy bajo
30138,False,True,0.6377325479791189,Alto
102426,False,True,0.9979146690743299,Muy alto
117200,False,True,0.9987127923649908,Muy alto
115181,False,False,0.47868647346044596,Medio
115026,False,True,0.9568092248532195,Muy alto
100374,False,False,0.023946932793063265,Muy bajo
14370,False,False,0.058587798004565414,Muy bajo
117130,False,True,0.998823274371528,Muy alto
105415,False,False,0.005301348365865935,Muy bajo
108358,False,False,0.0058264501222726325,Muy bajo
110000,False,True,0.7719562888552388,Alto
105734,False,False,0.006307518911598438,Muy bajo
112488,False,False,0.4674986524242398,Medio
117125,False,True,0.9977398523767385,Muy alto
109977,False,False,0.01699411266108484,Muy bajo
28762,False,False,0.014309114015745828,Muy bajo
116415,False,True,0.9735130875976393,Muy alto
103676,False,False,0.27817973956542164,Bajo
115345,False,True,0.9855938017942014,Muy alto
110262,False,False,0.468969963553904,Medio
109360,False,True,0.9296414826486236,Muy alto
112402,False,False,0.014216281021557128,Muy bajo
105604,False,False,0.41142229731491364,Medio
107970,False,False,0.10696432093196641,Muy bajo
94626,False,True,0.9961975265416545,Muy alto
99884,False,False,0.001412656370136452,Muy bajo
13975,False,False,0.15431397245614573,Muy bajo
98184,False,False,0.0013755663699842274,Muy bajo
104960,False,True,0.9983375866737326,Muy alto
110902,False,False,0.006892334536381508,Muy bajo
23378,False,False,0.037145158157603365,Muy bajo
116780,False,True,0.9886225623993493,Muy alto
90126,False,True,0.9964098477344966,Muy alto
112612,False,False,0.01705607135165625,Muy bajo
104607,False,True,0.9988267329208763,Muy alto
117248,False,True,0.9979638716698712,Muy alto
26967,False,False,0.015101184725840287,Muy bajo
102887,False,False,0.020311634168172926,Muy bajo
116582,False,True,0.9983062958406174,Muy alto
27687,False,False,0.02881605504526366,Muy bajo
116234,False,True,0.9962277106251836,Muy alto
111329,False,False,0.002731056484302811,Muy bajo
115099,False,False,0.0044431136637368305,Muy bajo
93493,False,False,0.008362047798019053,Muy bajo
104985,False,False,0.004309331545881908,Muy bajo
102438,False,False,0.029407347350745468,Muy bajo
97987,False,False,0.05517467737131379,Muy bajo
90547,False,False,0.4380483840981108,Medio
107106,False,False,0.0030953581706194117,Muy bajo
30791,False,False,0.016374531342618504,Muy bajo
111083,False,False,0.03222184498201429,Muy bajo
111673,False,False,0.003905574498699719,Muy bajo
98401,False,True,0.7505445351058864,Alto
109150,False,False,0.010270841738288527,Muy bajo
46029,False,False,0.29800722687100734,Bajo
90050,False,False,0.0036973650586291235,Muy bajo
33310,False,True,0.9976276844124957,Muy alto
116938,False,True,0.9981718468619973,Muy alto
111309,False,False,0.0042057190749627315,Muy bajo
90209,False,True,0.891325138913116,Muy alto
110046,False,True,0.9751730936041609,Muy alto
106735,False,False,0.004966805924297633,Muy bajo
113390,False,False,0.44176039956089924,Medio
90023,False,False,0.0021107054960920837,Muy bajo
91146,False,False,0.006957378053112303,Muy bajo
97063,False,True,0.9969280172655298,Muy alto
31335,False,False,0.015117640235007737,Muy bajo
91571,False,False,0.005085059915804162,Muy bajo
102705,False,True,0.7139566427636911,Alto
90177,False,True,0.9535967889388274,Muy alto
116960,False,True,0.990626824716805,Muy alto
97421,False,True,0.9981695460795607,Muy alto
117366,False,True,0.9978604988971178,Muy alto
116148,False,True,0.9869457191005088,Muy alto
113674,False,False,0.02607591907833706,Muy bajo
102309,False,False,0.0011442719007893221,Muy bajo
110356,False,False,0.3293066100130655,Bajo
92010,False,True,0.967561009504717,Muy alto
104670,False,True,0.9924331565834442,Muy alto
114992,False,False,0.009589973034595443,Muy bajo
115494,False,True,0.9945305673850097,Muy alto
114175,False,True,0.5657457565580446,Medio
93701,False,False,0.001957683737300047,Muy bajo
97242,False,False,0.004998672325350921,Muy bajo
113187,False,False,0.0048418439590271825,Muy bajo
116471,False,True,0.9977417573246549,Muy alto
115881,False,False,0.23382615128927636,Bajo
111598,False,True,0.9562444834634269,Muy alto
115956,False,False,0.3308813585953922,Bajo
117150,False,True,0.9978314661927623,Muy alto
109204,False,False,0.004145328090974984,Muy bajo
114047,False,False,0.01826644677615785,Muy bajo
21522,False,False,0.012852403471812842,Muy bajo
109544,False,False,0.15569864638119052,Muy bajo
90393,False,False,0.006597607525671953,Muy bajo
100404,False,False,0.014521140627249907,Muy bajo
115641,False,False,0.01039246378153173,Muy bajo
99807,False,False,0.005715601437061009,Muy bajo
31140,False,False,0.007555811824116649,Muy bajo
105008,False,False,0.017744956954444183,Muy bajo
105811,False,False,0.011627745961925564,Muy bajo
99740,False,False,0.0017087627678782375,Muy bajo
113954,False,False,0.002631052343211834,Muy bajo
114288,False,False,0.0007562630069089781,Muy bajo
98482,False,False,0.00739125804203626,Muy bajo
115601,False,False,0.0992366928560563,Muy bajo
109340,False,False,0.005711845497184832,Muy bajo
116423,False,True,0.9941793410071612,Muy alto
91874,False,False,0.011433152103518323,Muy bajo
107921,False,True,0.9037212231615903,Muy alto
1047,False,False,0.016777580573391522,Muy bajo
29069,False,False,0.008496963567685437,Muy bajo
116788,False,True,0.9985089755579757,Muy alto
91388,False,False,0.0031773278167497414,Muy bajo
100816,False,False,0.0037161035659358933,Muy bajo
44269,False,False,0.09515481737854617,Muy bajo
117331,False,True,0.9978159529332732,Muy alto
104491,False,True,0.9980011165371472,Muy alto
99324,False,False,0.011980917794764118,Muy bajo
107531,False,False,0.005453610848598876,Muy bajo
101648,False,False,0.015661458890619935,Muy bajo
29471,False,False,0.36315124706373103,Bajo
91293,False,False,0.009086766245198172,Muy bajo
91447,False,False,0.004067022609652077,Muy bajo
28924,False,False,0.008773096000798083,Muy bajo
111686,False,False,0.008170937713830944,Muy bajo
29580,False,False,0.2056576593674745,Bajo
112506,False,False,0.009928724335238287,Muy bajo
44576,False,False,0.1497261852949229,Muy bajo
107287,False,False,0.006403500670593818,Muy bajo
114479,False,False,0.014330991133403111,Muy bajo
115897,False,False,0.36434761709457825,Bajo
116091,False,True,0.9922245633743934,Muy alto
92065,False,False,0.007013860915861301,Muy bajo
16266,False,False,0.03302310373424511,Muy bajo
111464,False,False,0.01650783352742803,Muy bajo
108205,False,False,0.46240723241409754,Medio
116802,False,True,0.9984232657290358,Muy alto
99813,False,False,0.01178830074315951,Muy bajo
32533,False,True,0.9926984263375875,Muy alto
93845,False,False,0.0017813732252783966,Muy bajo
115263,False,False,0.19934806408594427,Muy bajo
112701,False,False,0.06003454159629598,Muy bajo
93995,False,False,0.23474810648457842,Bajo
92142,False,False,0.01845690828941437,Muy bajo
106765,False,True,0.9980192935793587,Muy alto
110297,False,True,0.9977280090114607,Muy alto
94461,False,False,0.023942746648754874,Muy bajo
28596,False,False,0.005496490584766329,Muy bajo
92396,False,True,0.9969583317521956,Muy alto
115656,False,False,0.19751547519815693,Muy bajo
96329,False,False,0.2608822508480073,Bajo
90264,False,True,0.996366571477463,Muy alto
111626,False,False,0.012641906451349948,Muy bajo
102939,False,False,0.09839172788081149,Muy bajo
25833,False,False,0.008671422059977715,Muy bajo
105584,False,False,0.0039918454909082775,Muy bajo
104734,False,False,0.02089161803678884,Muy bajo
93636,False,False,0.011881573898309055,Muy bajo
115660,False,False,0.13249614354774497,Muy bajo
117388,False,True,0.9979146690743299,Muy alto
116980,False,True,0.9979522290153963,Muy alto
115525,False,True,0.9144350461425542,Muy alto
116099,False,True,0.997441364830695,Muy alto
102975,False,True,0.9878873603928389,Muy alto
90394,False,False,0.01820391235279501,Muy bajo
107465,False,True,0.9987544334588433,Muy alto
112457,False,False,0.0010596702720383764,Muy bajo
115362,False,True,0.9676197731054559,Muy alto
98234,False,True,0.9789035624170314,Muy alto
103785,False,False,0.008076858021412897,Muy bajo
103921,False,True,0.9932899401029913,Muy alto
22516,False,False,0.003153172227771609,Muy bajo
115877,False,False,0.037229421468701486,Muy bajo
105676,False,False,0.007044532597047643,Muy bajo
90770,False,False,0.017389402310102612,Muy bajo
92790,False,False,0.002146156749120423,Muy bajo
102490,False,False,0.11681549553470374,Muy bajo
112192,False,False,0.01807781694897123,Muy bajo
107751,False,False,0.13615613789843792,Muy bajo
116808,False,True,0.9988900129809707,Muy alto
90432,False,False,0.016099363400024762,Muy bajo
96477,False,True,0.636561109014061,Alto
98362,False,False,0.0006218709314834465,Muy bajo
28246,False,False,0.06885418112430902,Muy bajo
98668,False,False,0.0021456509959865365,Muy bajo
113697,False,False,0.02013852477308727,Muy bajo
108526,False,True,0.9641146948070207,Muy alto
99025,False,False,0.04474853808938119,Muy bajo
114103,False,True,0.8480168118623074,Muy alto
101041,False,True,0.997300545932799,Muy alto
90742,False,False,0.005783697600560262,Muy bajo
92570,False,False,0.004227560397828394,Muy bajo
92975,False,False,0.013025186816711401,Muy bajo
113353,False,False,0.05474307673304936,Muy bajo
15927,False,False,0.014157926123439343,Muy bajo
115787,False,True,0.9854840631095367,Muy alto
91036,False,False,0.004853764905368029,Muy bajo
92993,False,True,0.9975377266022071,Muy alto
116054,False,False,0.04544347471647562,Muy bajo
116639,False,True,0.9977758105577026,Muy alto
90571,False,False,0.06635232395744725,Muy bajo
110627,False,False,0.18624468893494753,Muy bajo
104080,False,True,0.998119551984573,Muy alto
112337,False,False,0.007658221510977135,Muy bajo
29703,False,False,0.03279728975443193,Muy bajo
108737,False,True,0.9040601769055946,Muy alto
115098,False,False,0.004760193216041493,Muy bajo
109082,False,False,0.004400760567927128,Muy bajo
92073,False,False,0.029389290441615597,Muy bajo
104680,False,False,0.01580293026571306,Muy bajo
112843,False,False,0.009498195029236968,Muy bajo
99732,False,False,0.3000257778355536,Bajo
101196,False,False,0.05643636640379595,Muy bajo
90512,False,False,0.04024026131868424,Muy bajo
107772,False,True,0.7064323170201448,Alto
116702,False,True,0.998594829689686,Muy alto
116587,False,True,0.9979982783501367,Muy alto
94328,False,False,0.0025215814327447738,Muy bajo
116870,False,True,0.9979554965439547,Muy alto
116548,False,True,0.9985797226862884,Muy alto
93722,False,True,0.8536507375746674,Muy alto
95486,False,True,0.9947607530252074,Muy alto
105717,False,True,0.9907329338660467,Muy alto
117011,False,True,0.9987195156832095,Muy alto
8409,False,False,0.00922157504180277,Muy bajo
108832,False,False,0.011302872264876784,Muy bajo
110124,False,True,0.6118073861772739,Alto
90510,False,False,0.17780229998886485,Muy bajo
9722,False,True,0.5428172070347416,Medio
112718,False,False,0.007447725064200836,Muy bajo
116576,False,True,0.9953344499552386,Muy alto
110501,False,False,0.10557704379874687,Muy bajo
116854,False,True,0.9976061905456598,Muy alto
99251,False,False,0.004833005104447216,Muy bajo
105825,False,True,0.9979435925176591,Muy alto
91304,False,False,0.14365450541031466,Muy bajo
18497,False,False,0.01639536552221164,Muy bajo
108597,False,False,0.029122164327497774,Muy bajo
90749,False,False,0.019711152700479125,Muy bajo
106041,False,True,0.5865830582949891,Medio
102394,False,False,0.0016238351855047868,Muy bajo
101956,False,False,0.016889634387026856,Muy bajo
115905,False,False,0.06529568941519504,Muy bajo
40697,False,False,0.007541676292414956,Muy bajo
92674,False,True,0.7493859521808182,Alto
92616,False,True,0.8607013832313098,Muy alto
116516,False,True,0.9962109338023815,Muy alto
106533,False,False,0.03162392727225406,Muy bajo
110317,False,False,0.008765067153780568,Muy bajo
116039,False,False,0.015430079308171073,Muy bajo
30495,False,False,0.23049303988541237,Bajo
103233,False,True,0.9981378332568062,Muy alto
115812,False,False,0.47902733866754166,Medio
113889,False,False,0.23876544041501338,Bajo
109242,False,True,0.9385645894795476,Muy alto
110233,False,False,0.0075625829069797664,Muy bajo
104461,False,True,0.9937735491182491,Muy alto
115540,False,False,0.4109084975149597,Medio
111370,False,False,0.0033603474034730857,Muy bajo
29692,False,False,0.10871551601431491,Muy bajo
100843,False,False,0.010666224333338808,Muy bajo
43469,False,False,0.030419991495957095,Muy bajo
116505,False,True,0.9980882939281333,Muy alto
115123,False,False,0.010112902141113815,Muy bajo
104107,False,True,0.5044701378456486,Medio
110630,False,False,0.01828066542552689,Muy bajo
108565,False,True,0.9981460023428294,Muy alto
93181,False,False,0.04974556323672811,Muy bajo
115086,False,False,0.04454319973963621,Muy bajo
111076,False,False,0.06526697765547028,Muy bajo
22319,False,False,0.0018016592693580352,Muy bajo
101901,False,False,0.0029978120511263287,Muy bajo
116742,False,True,0.9902986276415158,Muy alto
96129,False,False,0.021258005563127978,Muy bajo
19971,False,False,0.06431016555076725,Muy bajo
102562,False,True,0.9633453886892828,Muy alto
105776,False,False,0.004761340403338291,Muy bajo
31987,False,True,0.6326443336456148,Alto
109053,False,False,0.004870657966431492,Muy bajo
104400,False,False,0.06521997792782443,Muy bajo
116995,False,True,0.9982632937762583,Muy alto
90538,False,False,0.0033812182860768576,Muy bajo
29742,False,False,0.00590009671804438,Muy bajo
107729,False,False,0.011858082599904157,Muy bajo
116541,False,True,0.9977027554572345,Muy alto
112490,False,False,0.003047028492497031,Muy bajo
111604,False,True,0.8750958956635296,Muy alto
106788,False,True,0.9811223779902036,Muy alto
110218,False,True,0.9979146690743299,Muy alto
97814,False,True,0.9989991162166748,Muy alto
116852,False,True,0.9979384801754422,Muy alto
116163,False,True,0.9838199958417281,Muy alto
101607,False,False,0.031147089733077126,Muy bajo
116430,False,True,0.9864216464294218,Muy alto
97587,False,True,0.997995663067586,Muy alto
101126,False,False,0.013522483821590384,Muy bajo
113137,False,True,0.9064805351425766,Muy alto
27744,False,False,0.01412282108783536,Muy bajo
44115,False,False,0.002186924085038969,Muy bajo
117416,False,True,0.9978159529332732,Muy alto
117274,False,True,0.9982414060657135,Muy alto
103139,False,False,0.012465312751730562,Muy bajo
30518,False,False,0.015076308440323618,Muy bajo
102947,False,False,0.004191997162610081,Muy bajo
115144,False,True,0.8764701888586827,Muy alto
101260,False,False,0.002134271895096278,Muy bajo
111468,False,False,0.009931533686302885,Muy bajo
103839,False,True,0.9970235443457994,Muy alto
95386,False,False,0.1498646163769503,Muy bajo
101963,False,False,0.10060726288589675,Muy bajo
109762,False,False,0.19865751031388906,Muy bajo
91090,False,False,0.06720608698084825,Muy bajo
90111,False,False,0.0032102737647639067,Muy bajo
104013,False,False,0.00616181609590157,Muy bajo
25655,False,False,0.06613299545481807,Muy bajo
108383,False,False,0.001557061861413715,Muy bajo
111095,False,True,0.9444920410784827,Muy alto
93723,False,True,0.964124940135244,Muy alto
111357,False,False,0.17970981473905026,Muy bajo
111627,False,False,0.01531694492339171,Muy bajo
110270,False,False,0.008680574422095962,Muy bajo
104003,False,False,0.15068877889034554,Muy bajo
107696,False,False,0.38640288412130647,Bajo
91685,False,True,0.9928730586359786,Muy alto
104620,False,False,0.07033124562130705,Muy bajo
115532,False,False,0.08100705453424387,Muy bajo
33399,False,True,0.9984253371692525,Muy alto
42353,False,False,0.06346802471409614,Muy bajo
105559,False,False,0.013273781006813324,Muy bajo
95878,False,False,0.2661151864761362,Bajo
90476,False,False,0.0037181104532526326,Muy bajo
106299,False,False,0.05476014824834275,Muy bajo
96158,False,True,0.9849215227960482,Muy alto
108276,False,True,0.678694080292402,Alto
116666,False,True,0.997756273668515,Muy alto
102507,False,False,0.2184492075518689,Bajo
100933,False,False,0.012987796751370252,Muy bajo
105244,False,False,0.0165369117268819,Muy bajo
90978,False,False,0.00976317290124544,Muy bajo
115661,False,False,0.3461346910580245,Bajo
104658,False,False,0.006371407999840919,Muy bajo
106636,False,False,0.022399172262829805,Muy bajo
103304,False,False,0.14468343916597176,Muy bajo
103014,False,False,0.002913973689349952,Muy bajo
113216,False,True,0.7613697689945295,Alto
117104,False,True,0.9979997906334916,Muy alto
117391,False,True,0.9979146690743299,Muy alto
100296,False,False,0.0013132974801354385,Muy bajo
111286,False,False,0.009238945538926669,Muy bajo
112338,False,False,0.16234181596764935,Muy bajo
96534,False,False,0.0036366219916918064,Muy bajo
116936,False,True,0.9986426623554627,Muy alto
92209,False,True,0.9947715580357466,Muy alto
29976,False,False,0.06363113733272516,Muy bajo
111820,False,False,0.011227547555725427,Muy bajo
116376,False,True,0.991256255998115,Muy alto
116389,False,True,0.9961616795988228,Muy alto
110121,False,False,0.00917201671551816,Muy bajo
112671,False,True,0.9982486201707702,Muy alto
112024,False,False,0.017699904342489792,Muy bajo
109829,False,False,0.016364439796126007,Muy bajo
115908,False,False,0.39386869015262105,Bajo
114134,False,True,0.6441675897110414,Alto
116481,False,True,0.9982202767041857,Muy alto
100127,False,False,0.056329744475735,Muy bajo
98318,False,False,0.1717124072482388,Muy bajo
106710,False,True,0.946765043941158,Muy alto
115231,False,False,0.011155377869436964,Muy bajo
102001,False,False,0.002063807063047946,Muy bajo
116586,False,True,0.9974794332614215,Muy alto
100075,False,False,0.004086408686230732,Muy bajo
13138,False,False,0.04215202228839651,Muy bajo
111213,False,False,0.04056203130462506,Muy bajo
95014,False,False,0.024127531793006706,Muy bajo
98473,False,False,0.08940840913934393,Muy bajo
104919,False,True,0.6911331569522023,Alto
47145,False,True,0.9848201114494867,Muy alto
115275,False,False,0.0066372027169875605,Muy bajo
110794,False,True,0.6073474006342858,Alto
102571,False,True,0.9968881226141385,Muy alto
112017,False,False,0.0038965910535516354,Muy bajo
103977,False,False,0.13617713063076733,Muy bajo
96335,False,True,0.860930429998472,Muy alto
92677,False,True,0.9191781972039327,Muy alto
111650,False,True,0.9748196497315601,Muy alto
106973,False,False,0.002926536850822905,Muy bajo
28800,False,False,0.006653256503865399,Muy bajo
111264,False,False,0.03567687092640328,Muy bajo
30288,False,False,0.027880188064673354,Muy bajo
115470,False,False,0.028263531334128053,Muy bajo
110516,False,False,0.26112277783615256,Bajo
105016,False,True,0.9951444730035941,Muy alto
21678,False,False,0.0033541289135155866,Muy bajo
113041,False,True,0.939546053191184,Muy alto
98954,False,False,0.0077784805538072075,Muy bajo
98023,False,True,0.9966036405508618,Muy alto
94516,False,False,0.011785448990403681,Muy bajo
116876,False,True,0.9984186164005198,Muy alto
109142,False,False,0.0031247493519177033,Muy bajo
109259,False,False,0.004691928576832731,Muy bajo
111555,False,False,0.004302955441783784,Muy bajo
103029,False,False,0.0030846574413540937,Muy bajo
98580,False,True,0.9985748821006949,Muy alto
95771,False,False,0.3975606605755827,Bajo
117288,False,True,0.9980593310953874,Muy alto
92580,False,False,0.23442710536051345,Bajo
98755,False,False,0.00137567745038985,Muy bajo
101713,False,False,0.004593788049127057,Muy bajo
115446,False,False,0.01819129052949921,Muy bajo
117152,False,True,0.9985357225857026,Muy alto
110702,False,False,0.21607770836057752,Bajo
109997,False,False,0.009447069888297395,Muy bajo
112722,False,True,0.8748890000363858,Muy alto
15511,False,False,0.11299590479837364,Muy bajo
99998,False,False,0.08432266081026961,Muy bajo
110617,False,False,0.019189950883713947,Muy bajo
113982,False,False,0.0061878301219057425,Muy bajo
103088,False,False,0.016340421342017592,Muy bajo
110920,False,True,0.9938847995711735,Muy alto
103621,False,False,0.02600386840379475,Muy bajo
93115,False,True,0.8870615828339711,Muy alto
90757,False,True,0.9978778678857477,Muy alto
12543,False,False,0.004304087085593948,Muy bajo
112804,False,False,0.3476458034650022,Bajo
111838,False,False,0.005952658701912809,Muy bajo
113024,False,False,0.0037324749326724566,Muy bajo
115909,False,False,0.13939364256810832,Muy bajo
109874,False,False,0.003708891071132157,Muy bajo
107797,False,False,0.06744042036019497,Muy bajo
111193,False,False,0.0731494941588393,Muy bajo
93329,False,False,0.0033926441045769896,Muy bajo
116950,False,True,0.9976033085215458,Muy alto
92446,False,False,0.014105576119385378,Muy bajo
117310,False,True,0.9977448964223322,Muy alto
113266,False,False,0.21181485303090875,Bajo
101235,False,False,0.069193705538271,Muy bajo
24065,False,True,0.7353690075283903,Alto
112138,False,False,0.0032544055833628855,Muy bajo
116915,False,True,0.9981539339248966,Muy alto
116278,False,True,0.9972807856983816,Muy alto
27842,False,False,0.018347612655355814,Muy bajo
102630,False,False,0.009289465956877085,Muy bajo
114053,False,False,0.015575623041606415,Muy bajo
103424,False,True,0.9947784359136379,Muy alto
92801,False,False,0.004803722704367385,Muy bajo
113405,False,True,0.6854068760100456,Alto
21148,False,False,0.005571080319966533,Muy bajo
112942,False,False,0.021657019490519572,Muy bajo
91953,False,False,0.004724465240343328,Muy bajo
104155,False,False,0.001629421940559059,Muy bajo
99947,False,False,0.008778421348009118,Muy bajo
100937,False,False,0.002437919649356024,Muy bajo
113403,False,False,0.4669214457175383,Medio
107229,False,False,0.03672561272331043,Muy bajo
92689,False,False,0.006128255158761647,Muy bajo
15543,False,False,0.01119691934597369,Muy bajo
96934,False,True,0.813045264192431,Muy alto
90985,False,False,0.00500166752207783,Muy bajo
100850,False,False,0.19600204768580676,Muy bajo
115859,False,False,0.2947908858537805,Bajo
105359,False,False,0.009460703086080751,Muy bajo
117283,False,True,0.9960741971379818,Muy alto
116107,False,True,0.997885186788074,Muy alto
100157,False,False,0.025186334425794956,Muy bajo
111230,False,False,0.008676316540204567,Muy bajo
31340,False,False,0.08562430827187892,Muy bajo
95661,False,False,0.030811391187993836,Muy bajo
100114,False,False,0.01478410461910691,Muy bajo
117172,False,True,0.9978334840782861,Muy alto
115632,False,False,0.0630358462611409,Muy bajo
110492,False,False,0.024445383549110248,Muy bajo
92985,False,False,0.004088249343154011,Muy bajo
116850,False,True,0.9980398335761361,Muy alto
21224,False,False,0.03241652240903534,Muy bajo
96145,False,True,0.9129245748384444,Muy alto
107808,False,False,0.006429405478947932,Muy bajo
115357,False,True,0.9492818983099467,Muy alto
92447,False,False,0.02225302477362729,Muy bajo
108125,False,False,0.4028168331166104,Medio
99679,False,False,0.002486986695605884,Muy bajo
107898,False,False,0.010988194402395682,Muy bajo
109380,False,False,0.026376715173499644,Muy bajo
102646,False,False,0.004003782441341728,Muy bajo
31093,False,True,0.820290950316464,Muy alto
112953,False,True,0.9986529103174236,Muy alto
108548,False,False,0.010798076215485621,Muy bajo
90991,False,False,0.009061122805968129,Muy bajo
114390,False,False,0.2396656414459136,Bajo
107887,False,False,0.014997746583318927,Muy bajo
101145,False,False,0.12126399370742932,Muy bajo
99419,False,False,0.030219484583974235,Muy bajo
113231,False,False,0.029307211681600213,Muy bajo
91133,False,False,0.005522045321757461,Muy bajo
115870,False,False,0.07647667476038465,Muy bajo
112391,False,False,0.016560561587116412,Muy bajo
9036,False,False,0.036946112323346984,Muy bajo
110363,False,True,0.5350755625005833,Medio
95249,False,False,0.003833646446568545,Muy bajo
95330,False,False,0.2006732649738152,Bajo
97800,False,True,0.5383007545192509,Medio
113373,False,False,0.005829753364378945,Muy bajo
98893,False,False,0.006960267088877264,Muy bajo
116126,False,True,0.9979703305113682,Muy alto
113199,False,False,0.008841386094598194,Muy bajo
114156,False,False,0.0037885333891572973,Muy bajo
95552,False,False,0.002381720927636518,Muy bajo
92555,False,False,0.4683728364322028,Medio
105745,False,False,0.008302691470621489,Muy bajo
101286,False,True,0.9977185735988365,Muy alto
45212,False,False,0.1495083815462503,Muy bajo
102499,False,False,0.06437368144046779,Muy bajo
116346,False,True,0.9834700511820469,Muy alto
102876,False,True,0.9966433693375681,Muy alto
105407,False,False,0.05640606536391885,Muy bajo
111494,False,False,0.009635543090632,Muy bajo
92774,False,False,0.011566685821636195,Muy bajo
105596,False,False,0.013332778892180566,Muy bajo
114110,False,False,0.016311524229249592,Muy bajo
109810,False,False,0.004956586213245143,Muy bajo
117045,False,True,0.9979016951970185,Muy alto
102766,False,False,0.006594204107044561,Muy bajo
112553,False,False,0.03981100365274279,Muy bajo
99985,False,False,0.010379256128513162,Muy bajo
93525,False,False,0.0037451049194336134,Muy bajo
115758,False,False,0.06445495964582766,Muy bajo
42271,False,False,0.27088489017000106,Bajo
117317,False,True,0.9992393793392217,Muy alto
452,False,False,0.0152812245621317,Muy bajo
116017,False,False,0.1461309085786699,Muy bajo
110962,False,False,0.13968707991035673,Muy bajo
91746,False,False,0.057136964745057126,Muy bajo
117411,False,True,0.9979435925176591,Muy alto
116380,False,True,0.9939916411495374,Muy alto
107250,False,False,0.035151280478381876,Muy bajo
107583,False,False,0.03279788416263562,Muy bajo
109069,False,False,0.043397091475745615,Muy bajo
31028,False,False,0.09818065373465566,Muy bajo
32370,False,False,0.01105037336550113,Muy bajo
109853,False,False,0.003338032593421606,Muy bajo
117232,False,True,0.9966036405508618,Muy alto
111628,False,False,0.013774918350813686,Muy bajo
94617,False,True,0.9939610876519156,Muy alto
114048,False,False,0.0074967378779177574,Muy bajo
28771,False,False,0.47412313590573674,Medio
92245,False,False,0.0037837641640694033,Muy bajo
99770,False,False,0.008455297304028938,Muy bajo
95564,False,False,0.003356619913945356,Muy bajo
115137,True,True,0.9974996428227154,Muy alto
94786,True,True,0.9698511006437583,Muy alto
113983,True,True,0.9336651005299433,Muy alto
100226,True,True,0.9969309316604372,Muy alto
112865,True,True,0.8510454763953209,Muy alto
114085,True,True,0.9966046329176144,Muy alto
115900,True,True,0.9933437470151923,Muy alto
110449,True,True,0.9971698952242604,Muy alto
94174,True,True,0.997278227456001,Muy alto
113346,True,True,0.6874409448690713,Alto
115971,True,True,0.9784279922353766,Muy alto
97628,True,True,0.9678497238278101,Muy alto
100635,True,True,0.9860322007758066,Muy alto
115541,True,True,0.9978176836227045,Muy alto
90079,True,True,0.9538122471871572,Muy alto
115754,True,True,0.9959401657768956,Muy alto
112949,True,True,0.9096632026105337,Muy alto
116647,True,True,0.9953263892741359,Muy alto
112035,True,True,0.9987072367123443,Muy alto
107007,True,True,0.8966726521213959,Muy alto
116910,True,True,0.9988813472805588,Muy alto
108890,True,True,0.9894638068124493,Muy alto
115689,True,True,0.9961425578609093,Muy alto
114249,True,True,0.997995663067586,Muy alto
30769,True,True,0.9970455106795202,Muy alto
101756,True,True,0.9608496811517995,Muy alto
116432,True,True,0.9945767188064928,Muy alto
116118,True,True,0.9982310120322493,Muy alto
104594,True,True,0.9623159112952305,Muy alto
116194,True,True,0.9248977407298156,Muy alto
108063,True,False,0.2765213097664441,Bajo
113937,True,True,0.9973588958557572,Muy alto
116274,True,True,0.9950545915985113,Muy alto
115413,True,True,0.9973283128918499,Muy alto
99287,True,True,0.9978354670922748,Muy alto
115230,True,True,0.9948532545811851,Muy alto
115555,True,True,0.60731563881347,Alto
113016,True,True,0.9951044484040296,Muy alto
102238,True,True,0.9974125106077176,Muy alto
110453,True,True,0.9359833393886147,Muy alto
109659,True,True,0.99728503058474,Muy alto
111615,True,True,0.9978767832569245,Muy alto
108764,True,False,0.008820254863710289,Muy bajo
115521,True,True,0.9963648032683611,Muy alto
115846,True,True,0.992326946918597,Muy alto
108155,True,False,0.4045314510120193,Medio
115366,True,True,0.9961091554757701,Muy alto
106409,True,True,0.7479363880304735,Alto
113997,True,True,0.9126757768544667,Muy alto
104466,True,True,0.9965490866837793,Muy alto
116862,True,True,0.9992477100141257,Muy alto
115149,True,True,0.7312282541775331,Alto
105610,True,True,0.9439132663095395,Muy alto
114250,True,True,0.9966477811020478,Muy alto
110818,True,True,0.6539306489926116,Alto
91990,True,True,0.9055425631807175,Muy alto
95038,True,True,0.9966363486727629,Muy alto
115426,True,True,0.9981473898852222,Muy alto
103680,True,True,0.9806985652270367,Muy alto
112602,True,True,0.5881445185665225,Medio
116171,True,True,0.9940038388212512,Muy alto
94120,True,True,0.9373283826316148,Muy alto
114055,True,True,0.9978176836227045,Muy alto
102586,True,True,0.9993179150673632,Muy alto
108558,True,True,0.9553720010720481,Muy alto
93255,True,True,0.8949434497817861,Muy alto
94783,True,True,0.9647862995789126,Muy alto
93250,True,True,0.7737707393047317,Alto
114493,True,True,0.9984014241689694,Muy alto
114289,True,True,0.9976354410401944,Muy alto
110907,True,True,0.9823044240403832,Muy alto
115782,True,True,0.759651800508302,Alto
112484,True,True,0.9959684745504549,Muy alto
114077,True,True,0.9978625644658847,Muy alto
116903,True,True,0.9978767832569245,Muy alto
92411,True,True,0.9987240027861987,Muy alto
105107,True,True,0.9979592457214018,Muy alto
92145,True,True,0.9966363486727629,Muy alto
91019,True,True,0.9827823723066652,Muy alto
105728,True,True,0.996201097995485,Muy alto
92587,True,True,0.9629375365612928,Muy alto
96842,True,False,0.2703458071171584,Bajo
101566,True,True,0.996694653205681,Muy alto
105124,True,True,0.9453531284969723,Muy alto
115259,True,True,0.9787553150855153,Muy alto
116212,True,True,0.9979435925176591,Muy alto
114450,True,True,0.9980053693805992,Muy alto
101396,True,True,0.9534642732587534,Muy alto
115650,True,True,0.9923750247186893,Muy alto
115891,True,True,0.9948317377785748,Muy alto
115214,True,True,0.9966363486727629,Muy alto
113677,True,True,0.9811302474402783,Muy alto
92074,True,True,0.9616220157631625,Muy alto
29653,True,True,0.8521880092507936,Muy alto
99946,True,True,0.9873184650976853,Muy alto
99880,True,True,0.9491465394694859,Muy alto
112679,True,True,0.9965429063651832,Muy alto
29717,True,True,0.8422653594082681,Muy alto
107086,True,False,0.2758090432983813,Bajo
113532,True,True,0.5485275678468147,Medio
112481,True,True,0.9940545657329057,Muy alto
114451,True,True,0.996829197806411,Muy alto
96731,True,True,0.9584251683561394,Muy alto
115054,True,True,0.9967902211555864,Muy alto
108862,True,True,0.9775559761731838,Muy alto
114295,True,True,0.9272285785702336,Muy alto
103671,True,True,0.8960594187596493,Muy alto
114063,True,True,0.9969309316604372,Muy alto
116111,True,True,0.9978159529332732,Muy alto
113965,True,True,0.9617094021341331,Muy alto
116989,True,True,0.9987874274341513,Muy alto
115112,True,True,0.9980635140465346,Muy alto
96259,True,True,0.9977295139543748,Muy alto
104671,True,True,0.9640920173328194,Muy alto
102872,True,True,0.9872475804953195,Muy alto
95560,True,True,0.9920315967402447,Muy alto
109312,True,True,0.7382146036481477,Alto
107142,True,True,0.9983803582350226,Muy alto
108503,True,True,0.9978604988971178,Muy alto
116655,True,True,0.9980922372940214,Muy alto
108139,True,False,0.30386305991546697,Bajo
112994,True,True,0.9629168885616234,Muy alto
113436,True,True,0.9296514867880772,Muy alto
111943,True,True,0.997909572630375,Muy alto
110209,True,False,0.023773347112677288,Muy bajo
116381,True,True,0.9949327333721454,Muy alto
115667,True,True,0.9952835491065899,Muy alto
107375,True,True,0.9522112567420005,Muy alto
115163,True,False,0.16979786751943382,Muy bajo
111382,True,True,0.9441473259294013,Muy alto
115834,True,False,0.2681883214779091,Bajo
108051,True,True,0.9730734168088455,Muy alto
102364,True,True,0.67247609314606,Alto
108399,True,True,0.9958323394241503,Muy alto
90537,True,True,0.7736292054488206,Alto
113874,True,True,0.997995663067586,Muy alto
111931,True,True,0.9753801002656813,Muy alto
101998,True,True,0.9969457927219428,Muy alto
112161,True,True,0.9746881588642791,Muy alto
103857,True,True,0.9577846013619921,Muy alto
113834,True,True,0.9576599639340624,Muy alto
115604,True,True,0.9326767033938488,Muy alto
113710,True,True,0.9988182715565141,Muy alto
107506,True,False,0.2974805138858072,Bajo
103642,True,True,0.7314709032982186,Alto
112328,True,True,0.9317924884411167,Muy alto
115204,True,True,0.9757872538593663,Muy alto
116771,True,True,0.9976577741205335,Muy alto
92756,True,True,0.9672151082278132,Muy alto
93536,True,True,0.755515066323713,Alto
115681,True,True,0.9973777014579626,Muy alto
115578,True,False,0.3703283431938137,Bajo
110842,True,True,0.998236478269243,Muy alto
115993,True,True,0.9955375550988171,Muy alto
103102,True,True,0.9734841770077157,Muy alto
112085,True,True,0.9867567468857964,Muy alto
93208,True,True,0.9868340315018421,Muy alto
115918,True,True,0.9957134872731229,Muy alto
102501,True,True,0.9953368303753019,Muy alto
110190,True,True,0.7175656255078443,Alto
114243,True,True,0.9965006182445258,Muy alto
112931,True,True,0.9966204841883903,Muy alto
107373,True,True,0.6862369284292257,Alto
113196,True,True,0.984478362731302,Muy alto
115737,True,True,0.9964008595004623,Muy alto
101227,True,True,0.9054907441743232,Muy alto
102751,True,True,0.9677545937327782,Muy alto
112852,True,True,0.9522685343356623,Muy alto
110645,True,True,0.9538001233120876,Muy alto
108713,True,True,0.9965541962123654,Muy alto
109730,True,True,0.7010452681451468,Alto
106542,True,True,0.578126694481112,Medio
92035,True,False,0.04825582293581473,Muy bajo
115448,True,True,0.9968538764219261,Muy alto
90145,True,True,0.9962880851625446,Muy alto
103746,True,True,0.5677963865177698,Medio
94057,True,True,0.7702856068403391,Alto
114374,True,True,0.9979592457214018,Muy alto
107782,True,True,0.9865973950093017,Muy alto
113980,True,True,0.897371213008529,Muy alto
113306,True,True,0.9872191713246323,Muy alto
115489,True,True,0.9977295139543748,Muy alto
113142,True,True,0.97421590593852,Muy alto
115420,True,True,0.9973423056338294,Muy alto
115122,True,True,0.923478999687666,Muy alto
114462,True,True,0.9979435925176591,Muy alto
114966,True,True,0.9979435925176591,Muy alto
107383,True,True,0.8990858365673441,Muy alto
113004,True,True,0.9768941642440138,Muy alto
109897,True,True,0.735304400593316,Alto
115843,True,True,0.9961024848126864,Muy alto
116011,True,True,0.9920671998027072,Muy alto
115544,True,True,0.9982308675169836,Muy alto
114314,True,True,0.9807732807467582,Muy alto
96195,True,True,0.5919525345206027,Medio
115370,True,False,0.2322956079330318,Bajo
113855,True,True,0.9979435925176591,Muy alto
114470,True,True,0.9978767832569245,Muy alto
110451,True,True,0.9931336065620732,Muy alto
115411,True,True,0.9975351284103728,Muy alto
105260,True,True,0.9722657106892869,Muy alto
110561,True,False,0.014129667344150582,Muy bajo
103201,True,True,0.7183956528569039,Alto
115486,True,True,0.9975629272258164,Muy alto
115852,True,True,0.9950799896732977,Muy alto
114090,True,True,0.918683828326528,Muy alto
94488,True,True,0.8917979218828287,Muy alto
115295,True,True,0.9789607867295266,Muy alto
115640,True,True,0.9953310553092047,Muy alto
115048,True,True,0.9977239593110487,Muy alto
113663,True,True,0.9972415634067724,Muy alto
112472,True,True,0.997808071075281,Muy alto
115421,True,True,0.9971184178746343,Muy alto
114229,True,True,0.9978767832569245,Muy alto
104058,True,True,0.9821945672067384,Muy alto
101799,True,True,0.6813523191094972,Alto
104305,True,True,0.9966033809963559,Muy alto
113217,True,True,0.9580016582361807,Muy alto
115755,True,True,0.9896657116926654,Muy alto
103465,True,True,0.9526287447772355,Muy alto
115009,True,True,0.9963694465113943,Muy alto
94841,True,True,0.9959764812181067,Muy alto
114159,True,True,0.9969390212319701,Muy alto
115746,True,True,0.9930533418477684,Muy alto
103490,True,True,0.9803455902094959,Muy alto
115546,True,True,0.998212444311672,Muy alto
112358,True,True,0.9774817039440618,Muy alto
91942,True,True,0.9928964742315874,Muy alto
112178,True,True,0.9429107064727256,Muy alto
110817,True,False,0.19958740520155058,Muy bajo
108821,True,True,0.9745266493956811,Muy alto
98034,True,True,0.9027096830541258,Muy alto
107307,True,True,0.9700623093308486,Muy alto
115381,True,True,0.9966289237896117,Muy alto
90470,True,True,0.9752503739219258,Muy alto
102540,True,True,0.7725554930018028,Alto
109413,True,True,0.9317674335015228,Muy alto
113245,True,True,0.950486963516351,Muy alto
108774,True,True,0.9765397639287611,Muy alto
114429,True,True,0.9931376955969206,Muy alto
110269,True,False,0.4613836700255809,Medio
104691,True,True,0.9977353573559331,Muy alto
106529,True,True,0.9947103675459948,Muy alto
115722,True,True,0.996891818183629,Muy alto
109451,True,True,0.5007917965098962,Medio
116030,True,True,0.9979929767374615,Muy alto
116197,True,True,0.9933365755911917,Muy alto
103645,True,True,0.9983332141862803,Muy alto
109954,True,False,0.4088786775473523,Medio
116357,True,True,0.9937123165548778,Muy alto
110137,True,True,0.9363517273488987,Muy alto
115465,True,True,0.9966359072857982,Muy alto
101587,True,True,0.6521259559854228,Alto
114346,True,True,0.9963694465113943,Muy alto
110212,True,True,0.7080386020585319,Alto
115507,True,True,0.9967394271487444,Muy alto
111881,True,True,0.9989047836092315,Muy alto
115840,True,False,0.4798204587367789,Medio
108404,True,True,0.9979435925176591,Muy alto
116442,True,True,0.9963694465113943,Muy alto
115396,True,True,0.9950142665939584,Muy alto
116022,True,True,0.9960688685170862,Muy alto
114109,True,True,0.9117038799708704,Muy alto
115560,True,True,0.9965102468768416,Muy alto
115327,True,True,0.9954003721233929,Muy alto
115707,True,True,0.9967363421446445,Muy alto
110326,True,True,0.9685899784494025,Muy alto
109063,True,True,0.8274357555887928,Muy alto
112400,True,True,0.9880395464534392,Muy alto
112489,True,True,0.9497922978108299,Muy alto
115498,True,True,0.7089363112196956,Alto
90290,True,True,0.9951927854603545,Muy alto
112340,True,True,0.9672301982344967,Muy alto
109702,True,True,0.5099086031236887,Medio
116538,True,True,0.9950784940334922,Muy alto
99402,True,True,0.9859800751914295,Muy alto
115412,True,True,0.9978604988971178,Muy alto
92161,True,True,0.9478041119792769,Muy alto
116261,True,True,0.9942347834113817,Muy alto
111371,True,True,0.9963679053312764,Muy alto
114009,True,True,0.9839226595792719,Muy alto
115514,True,False,0.09324011834331053,Muy bajo
112855,True,True,0.9964388284638654,Muy alto
115744,True,True,0.9979118744184239,Muy alto
91124,True,True,0.9966584164984922,Muy alto
115195,True,True,0.9976906997417259,Muy alto
112551,True,True,0.9688862550682781,Muy alto
110594,True,True,0.9946922480124207,Muy alto
98907,True,True,0.8916596130819358,Muy alto
115709,True,True,0.9957862283398744,Muy alto
104301,True,True,0.9978767832569245,Muy alto
100486,True,True,0.9684979786806166,Muy alto
113049,True,True,0.994996986262623,Muy alto
96833,True,True,0.5792630596996798,Medio
100397,True,True,0.9956945080930903,Muy alto
94519,True,True,0.9671496690705296,Muy alto
112635,True,True,0.9968819507624247,Muy alto
115692,True,True,0.9966432806716029,Muy alto
116355,True,True,0.9955609223584039,Muy alto
116143,True,True,0.9985402433024992,Muy alto
107604,True,True,0.9812792453353206,Muy alto
106993,True,True,0.9412058960448138,Muy alto
27911,True,True,0.9979592457214018,Muy alto
100946,True,True,0.9975351284103728,Muy alto
107493,True,False,0.45927606435035445,Medio
112158,True,True,0.9656399258939722,Muy alto
116919,True,True,0.9990608042469895,Muy alto
114286,True,True,0.9985770226894182,Muy alto
111716,True,True,0.9728947641853473,Muy alto
99687,True,True,0.961969136788773,Muy alto
100922,True,True,0.9963276960997569,Muy alto
100927,True,True,0.9070376840286006,Muy alto
110576,True,True,0.9971896765002365,Muy alto
103003,True,True,0.9978767832569245,Muy alto
117282,True,True,0.9989746164895981,Muy alto
114380,True,True,0.9979592457214018,Muy alto
97601,True,True,0.9949007654479709,Muy alto
97074,True,True,0.9797779211420289,Muy alto
113144,True,True,0.9611683501047356,Muy alto
107320,True,True,0.9401810996432232,Muy alto
106637,True,True,0.9671606314201375,Muy alto
112695,True,True,0.9778653562016962,Muy alto
115471,True,True,0.9977295139543748,Muy alto
93148,True,True,0.9965331391377077,Muy alto
115253,True,True,0.9139343180909393,Muy alto
105943,True,True,0.9480025860765138,Muy alto
100293,True,False,0.49477512491745385,Medio
115703,True,True,0.9952335445642229,Muy alto
114177,True,True,0.9957588719973838,Muy alto
115338,True,True,0.9966415933390387,Muy alto
110277,True,True,0.9798343843049321,Muy alto
115395,True,True,0.9962277284950369,Muy alto
101993,True,True,0.9276651367901279,Muy alto
114146,True,True,0.9983174003761286,Muy alto
113294,True,True,0.9608496811517995,Muy alto
92856,True,True,0.9791928212128098,Muy alto
93922,True,True,0.9943630977149912,Muy alto
112297,True,True,0.9604684120878196,Muy alto
107403,True,True,0.9978767832569245,Muy alto
114093,True,True,0.9969840016836851,Muy alto
112271,True,True,0.8955485135179607,Muy alto
113523,True,True,0.9978354670922748,Muy alto
116390,True,True,0.9964865367460488,Muy alto
96648,True,False,0.4923096831499122,Medio
114212,True,True,0.983403188137535,Muy alto
115806,True,True,0.9946849199611831,Muy alto
108807,True,True,0.960575062230862,Muy alto
31769,True,True,0.9978767832569245,Muy alto
116124,True,True,0.9967165688836285,Muy alto
115978,True,True,0.9943374146905416,Muy alto
115803,True,True,0.9963691646020845,Muy alto
104176,True,True,0.5965433203196593,Medio
94003,True,True,0.9961632038026925,Muy alto
100557,True,True,0.9793049268981951,Muy alto
114140,True,True,0.9979592457214018,Muy alto
103768,True,True,0.9987669213012051,Muy alto
116237,True,True,0.9971684592099138,Muy alto
98052,True,True,0.9218502710537817,Muy alto
102402,True,True,0.7288795424105686,Alto
112694,True,True,0.6607275736233742,Alto
115156,True,True,0.9968605693412225,Muy alto
117276,True,True,0.9991690063818693,Muy alto
115473,True,True,0.996432359253451,Muy alto
115819,True,True,0.9957868736820719,Muy alto
95498,True,True,0.7355190494677168,Alto
100592,True,True,0.999304998003945,Muy alto
115603,True,True,0.9957674573617321,Muy alto
110263,True,True,0.8950427316992317,Muy alto
111528,True,True,0.9858614005043962,Muy alto
109809,True,True,0.9967605449828606,Muy alto
112221,True,True,0.9919517460411628,Muy alto
115320,True,True,0.9967448870323181,Muy alto
115324,True,True,0.7647739426608476,Alto
109013,True,True,0.9062779388612504,Muy alto
107324,True,True,0.9978159529332732,Muy alto
109316,True,True,0.9478604907495898,Muy alto
116098,True,True,0.995968987010808,Muy alto
100830,True,True,0.9963419397612883,Muy alto
113486,True,True,0.9587422540533806,Muy alto
114489,True,True,0.9582288425982469,Muy alto
109903,True,True,0.9977295139543748,Muy alto
110171,True,True,0.9965074829518327,Muy alto
102513,True,True,0.9972075708394298,Muy alto
112512,True,True,0.9359547653609999,Muy alto
91521,True,True,0.996877946452745,Muy alto
111754,True,True,0.9420806234088583,Muy alto
103000,True,True,0.8646993276718328,Muy alto
116495,True,True,0.9923735730784173,Muy alto
110378,True,True,0.981155521188348,Muy alto
100696,True,True,0.9987547157768262,Muy alto
99463,True,True,0.9639547497131988,Muy alto
113116,True,True,0.9294571629811655,Muy alto
109365,True,False,0.4680586661130052,Medio
116987,True,True,0.9989433098155912,Muy alto
91800,True,True,0.960821959998885,Muy alto
115256,True,True,0.9597984103857135,Muy alto
107116,True,True,0.6205475175981514,Alto
113036,True,True,0.9806502635478361,Muy alto
115466,True,True,0.9969093986941341,Muy alto
113263,True,True,0.8620246031886392,Muy alto
110648,True,True,0.9591066099996409,Muy alto
115615,True,True,0.9977260925542741,Muy alto
99485,True,True,0.8421754386446679,Muy alto
30196,True,True,0.9992250393957288,Muy alto
31699,True,True,0.744736577239822,Alto
102010,True,True,0.9308851843044016,Muy alto
112996,True,True,0.9978176836227045,Muy alto
105770,True,True,0.9647809433257276,Muy alto
30156,True,True,0.7909415191952642,Alto
112398,True,True,0.9718481569982897,Muy alto
117204,True,True,0.9986228642775542,Muy alto
114086,True,True,0.9966046329176144,Muy alto
110908,True,True,0.9719105387706537,Muy alto
90741,True,False,0.4379878173660822,Medio
103889,True,True,0.9957591187582919,Muy alto
115788,True,True,0.9960079575824778,Muy alto
113237,True,True,0.9700348475263024,Muy alto
101528,True,True,0.8948450845314255,Muy alto
116443,True,True,0.9965490866837793,Muy alto
27257,True,True,0.8463840812568764,Muy alto
116589,True,True,0.9972696538614759,Muy alto
105403,True,False,0.2952423013409137,Bajo
110816,True,True,0.9970012994517357,Muy alto
101501,True,True,0.9974718916189551,Muy alto
115138,True,True,0.9183078023060551,Muy alto
111660,True,True,0.9583080084710944,Muy alto
110554,True,True,0.7486099800539445,Alto
101479,True,False,0.08130782619775753,Muy bajo
116979,True,True,0.9992228517499533,Muy alto
111126,True,True,0.9987708730279762,Muy alto
97956,True,True,0.9630933364925744,Muy alto
113924,True,True,0.9856502821017912,Muy alto
110530,True,True,0.9649933030602069,Muy alto
115382,True,True,0.9979403699096853,Muy alto
115158,True,True,0.9966289237896117,Muy alto
107130,True,True,0.9676743990587364,Muy alto
108084,True,True,0.9693018954879677,Muy alto
115680,True,True,0.9972819210503825,Muy alto
104248,True,True,0.6304741757015949,Alto
116150,True,True,0.994449203294077,Muy alto
115285,True,True,0.9967608513519978,Muy alto
111691,True,True,0.9610947458801465,Muy alto
113143,True,True,0.9633450169335196,Muy alto
94181,True,True,0.9934069375177157,Muy alto
105388,True,True,0.9969925437585174,Muy alto
31826,True,True,0.980035797807876,Muy alto
114955,True,True,0.9079265445580883,Muy alto
113981,True,True,0.9876131549592839,Muy alto
112680,True,True,0.9497922978108299,Muy alto
31896,True,True,0.9976546787920503,Muy alto
111440,True,True,0.8247412220690445,Muy alto
97502,True,True,0.9639186417012201,Muy alto
116152,True,True,0.9955904954324484,Muy alto
114035,True,True,0.9262218688006035,Muy alto
111073,True,False,0.27509222403869604,Bajo
114305,True,True,0.9366812470458981,Muy alto
117194,True,True,0.9989976150270874,Muy alto
32083,True,True,0.6354873922733595,Alto
100241,True,True,0.9979592457214018,Muy alto
111326,True,True,0.7282608193099518,Alto
110528,True,True,0.687642121958957,Alto
91719,True,True,0.984896344350489,Muy alto
106515,True,True,0.999314333440892,Muy alto
116055,True,True,0.996785275777113,Muy alto
115596,True,True,0.9969352138608181,Muy alto
91035,True,True,0.8898698577261415,Muy alto
115240,True,True,0.6562692160523652,Alto
114154,True,True,0.9971301843477418,Muy alto
114315,True,True,0.9378455087920742,Muy alto
108288,True,True,0.9977346081609584,Muy alto
107752,True,True,0.9807732807467582,Muy alto
30360,True,True,0.8124484108578305,Muy alto
115319,True,True,0.9970663594479745,Muy alto
112425,True,True,0.8852789258262782,Muy alto
113999,True,True,0.8265775909010479,Muy alto
103754,True,True,0.979958726243989,Muy alto
96025,True,False,0.27110928405978657,Bajo
115120,True,True,0.9967909601808861,Muy alto
116044,True,True,0.9943192168633929,Muy alto
115322,True,True,0.9963449698603477,Muy alto
114071,True,True,0.9979118744184239,Muy alto
115960,True,True,0.9969026178559217,Muy alto
116534,True,True,0.9978176836227045,Muy alto
113113,True,True,0.6872473141606354,Alto
115378,True,True,0.997402813283008,Muy alto
96043,True,True,0.9519890141321329,Muy alto
116181,True,True,0.9979929767374615,Muy alto
112505,True,True,0.9770024812078909,Muy alto
90716,True,True,0.9088870260389371,Muy alto
116373,True,True,0.9945816000257055,Muy alto
110933,True,True,0.9938884532729179,Muy alto
114375,True,True,0.9978767832569245,Muy alto
103869,True,True,0.9912154017633472,Muy alto
99399,True,True,0.6340214542577111,Alto
104523,True,True,0.8682106651332564,Muy alto
112471,True,True,0.9987080743350892,Muy alto
116036,True,True,0.9979435925176591,Muy alto
116646,True,True,0.995152271075793,Muy alto
112894,True,True,0.966435162704215,Muy alto
101795,True,True,0.9933670908909118,Muy alto
113192,True,True,0.9966626737195499,Muy alto
115513,True,True,0.9986873180660607,Muy alto
97323,True,False,0.38619836509683014,Bajo
115442,True,True,0.9270130266639962,Muy alto
115645,True,True,0.995923106958777,Muy alto
115527,True,True,0.9980930596809955,Muy alto
113288,True,True,0.649657809800477,Alto
96262,True,True,0.9839983689584505,Muy alto
110863,True,True,0.9650026053339252,Muy alto
117259,True,True,0.9988880267709573,Muy alto
116554,True,True,0.9980619125585792,Muy alto
113873,True,True,0.9161035661621121,Muy alto
116112,True,True,0.997995663067586,Muy alto
113410,True,True,0.9296514867880772,Muy alto
113083,True,True,0.9813766007430961,Muy alto
93618,True,True,0.9976837330726769,Muy alto
107861,True,True,0.752221237797792,Alto
115223,True,True,0.9966046329176144,Muy alto
114245,True,True,0.9889398900971388,Muy alto
47072,True,True,0.9969151068083315,Muy alto
110180,True,True,0.985448731846897,Muy alto
95225,True,True,0.8039856851957664,Muy alto
115985,True,True,0.9905478801537718,Muy alto
96042,True,True,0.9495310723611855,Muy alto
116087,True,True,0.9957588719973838,Muy alto
103855,True,True,0.9497922978108299,Muy alto
99812,True,True,0.9974306997666769,Muy alto
101239,True,True,0.9681245438250715,Muy alto
106498,True,True,0.9744897916281176,Muy alto
115605,True,True,0.6150451014043462,Alto
116731,True,True,0.9978649027313174,Muy alto
107522,True,True,0.8052502216658121,Muy alto
115651,True,True,0.9979929767374615,Muy alto
117242,True,True,0.9987853462906027,Muy alto
113284,True,True,0.9964550452614402,Muy alto
95493,True,True,0.9365607645783208,Muy alto
108345,True,True,0.9714874280995727,Muy alto
116043,True,True,0.9960828115907707,Muy alto
114381,True,True,0.9965006182445258,Muy alto
25380,True,True,0.9978176836227045,Muy alto
112060,True,True,0.9614955848632405,Muy alto
114998,True,True,0.9919517460411628,Muy alto
104361,True,True,0.906608855925918,Muy alto
115350,True,True,0.9963694465113943,Muy alto
114241,True,True,0.9864018892349488,Muy alto
115061,True,True,0.9948047323286022,Muy alto
113457,True,True,0.9551692143209904,Muy alto
113469,True,True,0.8149441500686261,Muy alto
93601,True,True,0.6398567923026486,Alto
111777,True,True,0.973306169020268,Muy alto
115359,True,True,0.5505161972899908,Medio
96350,True,True,0.9834754758459376,Muy alto
116613,True,True,0.9931849920888692,Muy alto
115480,True,True,0.6447260533433483,Alto
114283,True,True,0.8351714821970241,Muy alto
107290,True,True,0.996897980113245,Muy alto
115810,True,True,0.9967363421446445,Muy alto
104124,True,True,0.9790371320896736,Muy alto
110700,True,False,0.3689149982735693,Bajo
104205,True,False,0.3940324138788659,Bajo
112296,True,False,0.49594195889982695,Medio
112387,True,True,0.9832665254017044,Muy alto
110491,True,True,0.9964798869172405,Muy alto
110674,True,True,0.9988719199772977,Muy alto
103693,True,True,0.9756313478036228,Muy alto
115314,True,True,0.9971544090009855,Muy alto
92556,True,True,0.7990615617101542,Alto
92038,True,True,0.999059078112314,Muy alto
115778,True,True,0.9979592457214018,Muy alto
108898,True,True,0.9562495991041183,Muy alto
114049,True,True,0.6726508777042817,Alto
115326,True,True,0.9960079575824778,Muy alto
116991,True,True,0.9988947687825117,Muy alto
90907,True,True,0.7272493962918302,Alto
97311,True,True,0.9971212833828277,Muy alto
114291,True,True,0.905609254622356,Muy alto
115662,True,True,0.9977295139543748,Muy alto
115491,True,False,0.4929958683878374,Medio
96489,True,True,0.9852016058035789,Muy alto
98700,True,True,0.9979592457214018,Muy alto
115340,True,True,0.7852025789294536,Alto
116205,True,True,0.9955618468346115,Muy alto
111682,True,True,0.8096959916885016,Muy alto
92109,True,True,0.9231454775069547,Muy alto
100120,True,True,0.9970535534906463,Muy alto
108259,True,True,0.8118498823619265,Muy alto
116284,True,True,0.9971943872972958,Muy alto
111654,True,True,0.9950813495327382,Muy alto
113465,True,True,0.9245872112412258,Muy alto
92326,True,False,0.2952224650769563,Bajo
115537,True,True,0.9986603690821909,Muy alto
115484,True,True,0.99516543016137,Muy alto
114176,True,True,0.9171269487841034,Muy alto
114097,True,True,0.9304663520933899,Muy alto
109699,True,True,0.9979146690743299,Muy alto
106808,True,True,0.963160639767443,Muy alto
113241,True,True,0.7375901872325347,Alto
101636,True,True,0.9693967059741422,Muy alto
113327,True,True,0.9533274399197865,Muy alto
116066,True,True,0.9981272802517838,Muy alto
116070,True,True,0.996366571477463,Muy alto
115410,True,True,0.9978782029482541,Muy alto
114206,True,True,0.9979146690743299,Muy alto
117160,True,True,0.9991948145263241,Muy alto
116883,True,True,0.9955904954324484,Muy alto
90661,True,True,0.9451733615612917,Muy alto
113869,True,True,0.9984336499596869,Muy alto
95536,True,True,0.9810735152054223,Muy alto
115853,True,True,0.99604618591087,Muy alto
108093,True,True,0.7595214570338579,Alto
115159,True,True,0.9984499760467639,Muy alto
115210,True,True,0.6927223020196592,Alto
111765,True,True,0.9260067337963939,Muy alto
98008,True,True,0.8956658511098291,Muy alto
112898,True,True,0.9697352630420719,Muy alto
102905,True,True,0.985740586930356,Muy alto
110735,True,True,0.9688991590555032,Muy alto
106443,True,True,0.9939750929633557,Muy alto
112422,True,True,0.9545180066094201,Muy alto
92951,True,True,0.9645613842474798,Muy alto
114311,True,True,0.9972415634067724,Muy alto
90668,True,True,0.9958189755395213,Muy alto
95600,True,True,0.9967921862765974,Muy alto
103245,True,True,0.9965490866837793,Muy alto
112524,True,True,0.9656948074176662,Muy alto
113631,True,True,0.997808071075281,Muy alto
95443,True,True,0.9827094311073014,Muy alto
115767,True,True,0.9974551880234306,Muy alto
114964,True,True,0.9980549822087609,Muy alto
97888,True,True,0.9955688489752084,Muy alto
107778,True,True,0.9728469748269307,Muy alto
116615,True,True,0.9978701717272176,Muy alto
108606,True,True,0.9279520856029845,Muy alto
104000,True,True,0.8473191442714816,Muy alto
115458,True,True,0.8918284826833129,Muy alto
107382,True,True,0.917489127478658,Muy alto
95730,True,True,0.9751163713187639,Muy alto
112692,True,True,0.9948429689394449,Muy alto
110706,True,True,0.9849429594086756,Muy alto
108537,True,False,0.3888141481901309,Bajo
99973,True,True,0.9524491543492081,Muy alto
115708,True,True,0.991072185332176,Muy alto
117004,True,True,0.9922625434885225,Muy alto
113994,True,True,0.9558540457818192,Muy alto
116286,True,True,0.9963694465113943,Muy alto
31582,True,True,0.9977185735988365,Muy alto
114199,True,True,0.9450656885972782,Muy alto
116547,True,True,0.9981959090102949,Muy alto
113711,True,True,0.9993059736926749,Muy alto
116716,True,True,0.9965560350990679,Muy alto
93963,True,True,0.9970663594479745,Muy alto
114945,True,True,0.9971387302319527,Muy alto
110265,True,True,0.8245682072309446,Muy alto
111693,True,True,0.9762960772308658,Muy alto
108545,True,True,0.9921629526232895,Muy alto
115695,True,True,0.9936791538951253,Muy alto
106012,True,True,0.9939389062757468,Muy alto
113154,True,True,0.9727110474493201,Muy alto
117039,True,True,0.9986406415153836,Muy alto
98220,True,False,0.0009850379363257067,Muy bajo
115677,True,False,0.3189222809131013,Bajo
113655,True,True,0.9489750632147275,Muy alto
112176,True,True,0.9954285456396375,Muy alto
96239,True,True,0.9803585285625575,Muy alto
103644,True,True,0.9966363486727629,Muy alto
116600,True,True,0.9976650369357777,Muy alto
90258,True,True,0.8056017181612485,Muy alto
107757,True,True,0.6675121738580451,Alto
108128,True,True,0.9683048683597765,Muy alto
112077,True,True,0.9069100861391401,Muy alto
102530,True,True,0.82853792693912,Muy alto
115823,True,False,0.33560554827857353,Bajo
114438,True,True,0.9754398034221387,Muy alto
114406,True,True,0.9968804524159581,Muy alto
104119,True,True,0.997995663067586,Muy alto
116094,True,True,0.996964822769037,Muy alto
92327,True,True,0.9987757928547116,Muy alto
113060,True,True,0.5892937596243923,Medio
109297,True,True,0.9771222830331364,Muy alto
113001,True,True,0.8249758716923972,Muy alto
115162,True,True,0.9179168798962449,Muy alto
114997,True,True,0.9966363486727629,Muy alto
102077,True,True,0.5565620702543723,Medio
110658,True,True,0.9967935004881824,Muy alto
116160,True,True,0.9929205620700515,Muy alto
113082,True,True,0.9623159112952305,Muy alto
115653,True,True,0.9979929767374615,Muy alto
103700,True,True,0.9965490866837793,Muy alto
107740,True,True,0.6704795544636476,Alto
91606,True,True,0.9875147930871551,Muy alto
115688,True,True,0.9959721753708318,Muy alto
116590,True,True,0.9943403518357464,Muy alto
